,fo_r,fm_r,tau,bias,rmse,fo_err,fm_err,tau_err,nfl,niters,flag,success,datetime
0,0.167970427603828,0.187562969976825,286.93363822238143,0.05921778688770207,0.005338530912967689,0.0009359062993760056,0.005026364378507638,141.9908815879993,40,18,2,True,2016-07-06 18:04:04
1,0.20182826256992598,0.2146941667023428,315.7078033954494,0.04941364996635713,0.006489839698782716,0.0011505907967791888,0.006023363357124553,281.0290805869661,40,11,1,True,2016-07-06 18:04:17
2,0.17638054512469978,0.19247638041301482,152.97414089049047,0.05654807456292464,0.004425294488627112,0.0007411962548820568,0.004385454038169352,95.09053687018762,40,11,1,True,2016-07-06 18:04:29
3,0.17184611497358038,0.18441352845090891,508.78149861271777,0.05783586513232976,0.0033701663037814652,0.000639830858112523,0.0028459564399557886,210.78777158149612,40,10,1,True,2016-07-06 18:04:41
4,0.20384031798424268,0.2140054985722616,725.0123505392417,0.04881700290086884,0.006421717627630656,0.001333319791665125,0.004943932257828487,652.8860416339982,40,11,1,True,2016-07-06 18:04:53
5,0.18726363575207688,0.19987486487184192,845.1831650804589,0.05295469365777221,0.005250398525454,0.001146232598457374,0.0038761130893322764,488.52852725196266,40,7,1,True,2016-07-06 18:05:50
6,0.1790919389387857,0.19320841432223668,215.26856329145917,0.05568112812118463,0.004852673586201311,0.0008297886461556811,0.004713882693887396,147.2098362836763,40,9,1,True,2016-07-06 18:06:02
7,0.20416764601520487,0.23427394371493482,245.37440854229368,0.04868365858799977,0.006141206729981109,0.0010620541696619225,0.005891501634859472,95.38371409464372,40,11,2,True,2016-07-06 18:06:14
8,0.1815459737229259,0.20396184632742406,460.3594227534867,0.054580510852814505,0.004790202840172115,0.0008939263055371163,0.004143388861546651,156.06379536959918,40,13,2,True,2016-07-06 18:06:26
9,0.17926020695873526,0.19631789990469348,266.1633499781706,0.055541693963380497,0.0044265844603385415,0.0007699683714781621,0.004206117688029535,128.23471841104768,40,9,1,True,2016-07-06 18:06:38
10,0.20645523670494784,0.22493516315568798,438.69264823080897,0.04813765425385924,0.005635133350710244,0.0010436663271430765,0.004922328237789835,215.1927394443978,40,13,1,True,2016-07-06 18:06:51
11,0.18335481518306507,0.1944055916059611,491.94192205486866,0.05429732659643849,0.0048576721670009065,0.0009173009017564679,0.00413670001049466,337.1076269481048,40,35,2,True,2016-07-06 18:07:03
12,0.176785794273876,0.1991685571215117,177.1523323691317,0.056321270558556694,0.004249640188189584,0.0007172573253803196,0.004183670199782147,71.69199418062685,40,11,1,True,2016-07-06 18:07:15
13,0.20065015904942785,0.22603299264677917,308.58956284946885,0.04951181676439404,0.005483822352195063,0.0009690452610204104,0.005106801469937735,118.4261024407401,40,10,1,True,2016-07-06 18:07:27
14,0.18152210141468947,0.19481489352572842,396.7923691902303,0.05484613447483535,0.005157805128517974,0.0009399319597275488,0.00460165860739142,255.1395908523001,40,23,2,True,2016-07-06 18:07:39
15,0.17445398561131345,0.18698726369637483,597.3962399612356,0.05694372446125719,0.004360993489039283,0.0008577483027148251,0.003538030337192353,308.6972712313206,40,8,2,True,2016-07-06 18:07:51
16,0.20019665309030343,0.21223466090383855,432.57194919381794,0.04976526216432922,0.005754413305672839,0.0010637703898028624,0.005043730079940898,333.4373428854203,40,11,2,True,2016-07-06 18:08:04
17,0.18122511943329195,0.20158919513333093,826.6749873328533,0.0544007238885752,0.004464525550062445,0.0009662276868661048,0.0033084804458832677,252.3228723814489,40,10,1,True,2016-07-06 18:08:16
18,0.17248298937218187,0.1862545807386583,680.8855678696915,0.05749792527901469,0.004583259424045379,0.0009325834303670562,0.0035896976274353166,326.86690562089484,40,9,1,True,2016-07-06 18:08:28
19,0.201545493534413,0.22699878363234977,147.67971601295412,0.049437474847317586,0.0053576327343735335,0.0008964685806308662,0.005316129327444221,71.44035599112831,40,15,1,True,2016-07-06 18:08:40
20,0.1816805550695237,0.1873587430320166,3155.7746102247147,0.05438706004356116,0.004384076693326564,0.0034155599056524093,0.0022653894101054965,5049.304543808635,40,6,1,True,2016-07-06 18:08:52
21,0.20746418391237578,0.2231911858348417,489.3343864721064,0.04795479408265625,0.007136666352447017,0.0013480016840058669,0.0061068117861680015,347.42885780503354,40,28,2,True,2016-07-06 18:09:37
22,0.186603695334424,0.1971291776333814,348.56856904348973,0.053422624602995156,0.0044541428436096625,0.0007974678102279351,0.004071550414087099,252.9018492832817,40,16,2,True,2016-07-06 18:09:49
23,0.17997769360637045,0.19444071178560388,766.4683372629728,0.055045743016782285,0.00469196956161655,0.0009891036708502324,0.0035551770012727355,350.5839358203833,40,12,2,True,2016-07-06 18:10:01
24,0.2057722596831301,0.22553757376551567,306.1048161237455,0.0483937598579013,0.007258985752848193,0.0012840271111814539,0.006768648766924502,200.18820784165473,40,16,2,True,2016-07-06 18:10:13
25,0.18945702691996796,0.20463997984332136,324.73459713751487,0.052578712082940245,0.005829109768745999,0.0010358178225809184,0.005386719173040551,218.2786358678089,40,15,2,True,2016-07-06 18:10:26
26,0.20069755219342164,0.2153076160562538,816.3593199356577,0.04938937204982865,0.005501260383141462,0.0011865886251608735,0.004093392390665606,428.92390624521653,40,28,2,True,2016-07-06 18:11:11
27,0.18202465577761295,0.20088975766401368,369.8707179993795,0.054578491613514926,0.00393834517109995,0.000710436632505562,0.0035587849184231645,130.0260662570066,40,9,1,True,2016-07-06 18:11:23
28,0.1717915130476576,0.18688011782066732,351.36196999509446,0.05790711232693747,0.003908337882544802,0.0007002998611739573,0.0035642940165463107,155.54548094616118,40,11,1,True,2016-07-06 18:11:35
29,0.20585487047199436,0.23291755338968884,324.63973499671835,0.04824216707182881,0.006122882747953889,0.0010885142955160444,0.005659051713826043,128.5652414873669,40,15,1,True,2016-07-06 18:11:48
30,0.17958036652751755,0.19857125295912068,795.7208943560714,0.05496891723598947,0.0043845444612155265,0.0009357910236594957,0.0032860847866654943,257.3893102031628,40,9,1,True,2016-07-06 18:12:00
31,0.16951974071448192,0.17909557452991895,520.0103396978162,0.058725005714577276,0.0041696304429843295,0.0007955117408990735,0.0035042896386391726,347.85189237881883,40,8,1,True,2016-07-06 18:12:12
32,0.19933533287259542,0.21856591280056625,297.3680125455214,0.049932291341290895,0.005725228763178157,0.0010074570086380105,0.005368791062469261,159.13928246852674,40,24,1,True,2016-07-06 18:12:24
33,0.18150683724244912,0.1999895427600283,254.71188114795717,0.05485102468475662,0.004820725056932445,0.0008355760938208492,0.004604938758722774,125.02914925506762,40,13,2,True,2016-07-06 18:12:36
34,0.1672799405764013,0.18000272105734988,178.35895165113283,0.059623054097440786,0.003476535726615613,0.000586674882970175,0.003421550599278734,103.68900905285125,40,18,1,True,2016-07-06 18:12:48
35,0.1947304701350669,0.21129861003110892,913.1531050846246,0.05077722617713146,0.006100738425425335,0.0013740572824726678,0.004392928697918093,461.7909731418965,40,12,2,True,2016-07-06 18:13:01
36,0.18091524214328605,0.19901238504110028,325.0152383694979,0.05496580717449911,0.004080396863630039,0.0007241875568699869,0.0037715715405185406,128.2139964500298,40,23,2,True,2016-07-06 18:13:13
37,0.16789741108185732,0.17895541122806063,461.5045202693742,0.05927031421540745,0.0038215710842394975,0.0007128284458336741,0.003300438974298443,252.71271303662263,40,14,2,True,2016-07-06 18:13:25
38,0.19956037978069444,0.2135432080597369,584.54009429184,0.049809702300142186,0.0059266381474222755,0.0011606472156681664,0.004843987867225529,370.57994854569625,40,17,2,True,2016-07-06 18:13:37
39,0.1815000501525711,0.20387811410994403,352.247385190369,0.054703036860133794,0.0049865670334952586,0.0008942776303209856,0.004545119901253151,134.12347911053226,40,11,2,True,2016-07-06 18:13:49
40,0.16843323589350623,0.18050544910599545,230.69070579549896,0.059190382559198396,0.0033001014177623062,0.0005666855190133819,0.0031851659176736257,122.49325750724365,40,12,1,True,2016-07-06 18:14:01
41,0.1738637109459705,0.19043506454896547,349.78790714335815,0.05721242320181858,0.005014217054455317,0.0008984850698439228,0.004578742162227614,181.3153905016239,40,12,1,True,2016-07-06 18:27:14
42,0.1619596215511919,0.1707429092743162,677.7353310235889,0.06139551262543226,0.0036504699610988077,0.000741224937378721,0.0028632954922591346,406.59319423350627,40,12,1,True,2016-07-06 18:27:26
43,0.19392664513607433,0.21759724620740423,429.0911468560588,0.05113970114846231,0.005806997503976403,0.0010714149777709347,0.005095976584460484,170.3913058855589,40,9,1,True,2016-07-06 18:27:38
44,0.1757752239227879,0.19072742543798077,314.2214180740594,0.056631384200923916,0.00401276826007324,0.0007095832236512877,0.003728031616360224,148.96074361228722,40,16,1,True,2016-07-06 18:27:50
45,0.16356647119281964,0.16793407978358862,482.6845431888372,0.06102802896713932,0.0035727165662845914,0.0006716499176943156,0.003055142657880378,618.1818270489294,40,24,2,True,2016-07-06 18:28:02
46,0.19141023888005404,0.20901104381240182,301.97825646725823,0.051998227620318284,0.0047976313123051385,0.0008448010524311562,0.004483418178208933,147.43504878652502,40,12,1,True,2016-07-06 18:28:15
47,0.17174174024544703,0.18212263135184217,420.99234328298394,0.057992506840496456,0.004016661621606051,0.0007381399871017623,0.003538500229295045,264.78503258613534,40,8,1,True,2016-07-06 18:28:27
48,0.1603149271682911,0.17010480915541087,948.813169214388,0.06183196406573309,0.003512089247650953,0.0008029770986197773,0.0024984669060021327,465.05240937112114,40,8,1,True,2016-07-06 18:28:39
49,0.18739456516611333,0.20636278130287172,1103.842905042354,0.052490010679969404,0.004995090182179119,0.001232508537368986,0.0034044703489953397,393.6868510653215,40,9,1,True,2016-07-06 18:28:51
50,0.1736877871986684,0.18379750500388187,569.2074582095204,0.05729238511453566,0.004770931559565657,0.0009280392159068994,0.0039246808618199885,403.7156261190614,40,14,2,True,2016-07-06 18:29:03
51,0.16252655748633688,0.18030731397426333,245.56846724738912,0.06122239496657674,0.003377982110800032,0.0005830150797738078,0.0032397532830363116,88.81461716549512,40,11,1,True,2016-07-06 18:29:15
52,0.1881457123806699,0.2084857600120385,416.94880896498375,0.052780912990160064,0.0060042647017359225,0.0011034255766678956,0.005304186150330267,200.83066081681164,40,35,2,True,2016-07-06 18:29:28
53,0.17296349895951663,0.1866930421425563,709.4460918179,0.05729981458863258,0.003327921734931129,0.0006844037636437041,0.0025766720392665214,245.8831710737083,40,8,1,True,2016-07-06 18:29:40
54,0.162133044004951,0.16906032356174588,493.89820506097794,0.06147580308506606,0.0034158082730965625,0.0006448652510256641,0.0029057240832539816,379.07529860465326,40,11,1,True,2016-07-06 18:29:52
55,0.19117015521625913,0.21530709038795853,343.1082512120459,0.05192148437120788,0.004403611669360898,0.0007869922207329477,0.004032062525460318,107.73331162214242,40,15,2,True,2016-07-06 18:30:04
56,0.17573084816850512,0.18381231374141863,649.1900284337966,0.05664632282717497,0.0038695620910106686,0.0007765755244857381,0.003072500195319592,452.9933912852507,40,11,1,True,2016-07-06 18:30:16
57,0.1626764412987805,0.173057831382856,793.2225600783283,0.06099806992773878,0.0038178984460647816,0.0008139746491917228,0.0028633363394255863,408.5362236284174,40,12,2,True,2016-07-06 18:30:28
58,0.19446045740737938,0.207464473075526,711.417670027565,0.051064197945595774,0.00545897976725703,0.0011252945067139774,0.0042244931011112445,427.46036415345617,40,14,2,True,2016-07-06 18:30:41
59,0.17852435140001852,0.1979412330650605,262.4307465222097,0.05573775909400429,0.004498903765070055,0.0007816355893920111,0.004282151709373162,113.40813384455545,40,12,1,True,2016-07-06 18:30:53
60,0.1688920527067108,0.17975785619682727,404.0565781256062,0.05894500090141302,0.002976420498461525,0.0005433153656603302,0.0026437609590088994,181.79612807139625,40,9,1,True,2016-07-06 18:31:05
61,0.1990971053297032,0.21584028391604357,199.29171174147223,0.05008817914546056,0.005560297928414339,0.0009462063816479782,0.005433979614057831,135.19603914419687,40,32,2,True,2016-07-06 18:31:17
62,0.1805137500272825,0.19694405162777004,402.1389280138574,0.05505715696899559,0.0038880696750353237,0.0007096207756030321,0.0034600764408185126,156.5140414272495,40,11,1,True,2016-07-06 18:31:29
63,0.17130088110283961,0.18765612958252575,294.32036889269625,0.05808947100835717,0.003709880134298705,0.0006513729982114039,0.0034786105329582795,120.16708094475062,40,9,2,True,2016-07-06 18:31:41
64,0.1987039907599689,0.2142288145082406,495.4134774405422,0.05003639977012945,0.005966781463406171,0.001129201046495624,0.005072136881438156,296.49823031079274,40,8,1,True,2016-07-06 18:31:54
65,0.1815633922856037,0.19534689965198604,882.7475215376076,0.05451858960530125,0.004255773204637912,0.0009444399923936945,0.003094814053285429,375.6594012102158,40,8,2,True,2016-07-06 18:32:06
66,0.1705287072268188,0.18697188583349256,150.2608376445249,0.058455026378291336,0.0029838591166276396,0.0004988993819209246,0.0029589345029641377,62.14264958452106,40,15,2,True,2016-07-06 18:32:18
67,0.19949904456203454,0.2212294531112855,499.38054680887734,0.049725457771158874,0.007109251730931174,0.0013490053151221306,0.006035470891378114,254.15404753724096,40,19,2,True,2016-07-06 18:32:30
68,0.18644075561271434,0.20075852587750792,599.7583799345728,0.053244986730830265,0.004203232071623125,0.0008272831380781905,0.00340897464477347,261.20676672653366,40,8,1,True,2016-07-06 18:32:42
69,0.17128587948069632,0.18346238952319993,395.8319949696732,0.058107722407311456,0.0035856076520137353,0.0006527243406958131,0.003198205209825526,192.57529362041834,40,22,1,True,2016-07-06 18:32:55
70,0.20062397185546055,0.21697334665616716,783.7238669257304,0.04936330530068812,0.005115383085417608,0.0010874430068074164,0.0038520644317888556,344.47380546214396,40,18,2,True,2016-07-06 18:33:07
71,0.18526103140826458,0.2000653989480363,416.3078941874064,0.05368765280941913,0.004476325027119429,0.000821434681946637,0.003952799716199082,205.1941751521315,40,10,1,True,2016-07-06 18:33:19
72,0.17000059799299375,0.18077587004006498,559.4648023651789,0.058488128529205485,0.0034407307238283457,0.0006661206561453554,0.0028387841656869134,269.47778920789466,40,11,1,True,2016-07-06 18:33:31
73,0.19976952834865003,0.21376213596124463,274.3462612236399,0.04992245961617523,0.00619570124517794,0.0010820451337951254,0.005865617865642259,223.89806769672194,40,19,2,True,2016-07-06 18:33:44
74,0.18051036607855828,0.2013746248974827,232.2003723441289,0.05513140979429821,0.004354484766846143,0.0007486609205287067,0.004200248208839509,93.92202258349143,40,10,1,True,2016-07-06 18:33:56
75,0.17067113308806128,0.1823521111132207,381.961091746514,0.058326889799944014,0.0030195962492272814,0.0005467261133904127,0.0027122028486026195,164.82317413644793,40,8,1,True,2016-07-06 18:34:08
76,0.20219025034856627,0.21569361827882527,382.3551958095647,0.04928258143413929,0.006179997052969317,0.0011216309236657758,0.005552547132601821,292.086012717707,40,28,2,True,2016-07-06 18:34:20
77,0.05393340348829778,0.06311109680001874,31384.313276072015,0.16155342334042672,0.0036248996387000837,0.22777156873757698,0.0015364764856634161,878905.792490882,40,8,1,True,2016-07-06 18:36:39
78,0.07870243333332862,0.07103202367837554,26774.271343475262,0.13918145086450143,0.002827849846440093,0.12945379623518796,0.0012027742281902143,520355.5370475263,40,11,1,True,2016-07-06 18:36:51
79,,,,,,,,,40,,-2,False,2016-07-06 18:37:03
80,0.06301866554836408,0.06789373890960906,100.0000344655716,0.15891175023971024,0.0038010720563183983,0.0006262065047118649,0.0037970440822702426,223.38210199307986,40,8,1,True,2016-07-06 18:37:16
81,,,,,,,,,40,,-2,False,2016-07-06 18:37:28
82,,,,,,,,,40,,-2,False,2016-07-06 18:37:40
83,0.0625661157000919,0.06434655922564686,407.5047858891282,0.15983757985700386,0.0028856043063345362,0.000527315175034607,0.0025588979156507467,1082.465554548953,40,15,1,True,2016-07-06 18:37:52
84,0.0707079234672487,0.0731638533607224,170.62637034051662,0.1414631541804451,0.0027854365408534693,0.00046874272907296223,0.002747510202760015,418.41996164966037,40,11,1,True,2016-07-06 18:38:04
85,0.06712620000000163,0.07601240138002069,32804.59958288194,0.1333521171156433,0.0027418997478639334,0.18813671843565,0.001160203379179697,779690.8438587906,40,9,1,True,2016-07-06 18:38:16
86,0.06180953816138895,0.07213397645728263,100.00001871919238,0.16182708324158096,0.0042641187248379005,0.0007026608067959948,0.004259677475798836,118.47166794996207,40,16,1,True,2016-07-06 18:38:29
87,0.36395343724495915,0.39644758562320526,100.00001081773428,0.02741140368953014,0.005298729940691836,0.0008738584916643568,0.005293182162130663,46.735510575782556,40,10,1,True,2016-07-06 19:12:52
88,0.29727608164878483,0.3087525603088766,341.37403715004973,0.033557352593883524,0.003171882993464158,0.0005659873957560009,0.0029079981562752455,162.65039811757387,40,18,1,True,2016-07-06 19:13:04
89,,,,,,,,,40,,-2,False,2016-07-06 19:13:16
90,0.18686540229966045,0.20503166875789489,350.2569964533332,0.05321031645950938,0.004498614865800185,0.0008060648785590676,0.00410412135408928,148.35629750420935,40,9,1,True,2016-07-06 19:17:16
91,0.17005553585957356,0.18274785794914958,322.6600614648444,0.05856367095061373,0.0037357966464124817,0.000662454944853412,0.0034549630322879728,166.41977141345268,40,18,1,True,2016-07-06 19:17:28
92,0.162848498996372,0.17613331352390907,137.4896566308937,0.06126698524199134,0.003658285641609667,0.0006094362343193181,0.003637337281339991,89.88773299003174,40,13,1,True,2016-07-06 19:17:40
93,0.1923844295524712,0.20150684286638912,464.3676897819405,0.0518438681438019,0.006723121348766612,0.001258126015002311,0.0058023808295623825,543.6503933040408,40,13,1,True,2016-07-06 19:21:40
94,0.1728390812856654,0.18818449688529695,191.8144117106315,0.05769411913732064,0.004931209446278879,0.0008365388085059719,0.004831885226061613,127.72281977439346,40,10,1,True,2016-07-06 19:21:52
95,0.16496907163421545,0.1808158134669696,280.7013500218852,0.060333591428153664,0.0038957682294089645,0.0006807886280275896,0.0036766982371310253,126.03437557196521,40,10,1,True,2016-07-06 19:22:04
96,0.19697521534892937,0.22327984720325478,100.0000000000513,0.05062056917351653,0.0055580488637846205,0.0009167723145785436,0.005553221505849795,60.71631426342135,40,11,1,True,2016-07-06 19:26:05
97,0.17671868716131742,0.18696747748499568,779.9094623164486,0.056213452403678074,0.004781116236988186,0.001013812158297154,0.0036054105832238736,511.60978267147846,40,22,1,True,2016-07-06 19:26:17
98,0.16410431827048313,0.17725238017336148,174.28699171838667,0.0607763800846519,0.003761059122583435,0.0006339769492336962,0.0037058193143850696,106.90277914202896,40,11,1,True,2016-07-06 19:26:29
99,0.19712165301178478,0.2138681434527999,238.6563684663289,0.050561235482851644,0.00566392113842606,0.0009770205521801802,0.005448353222023428,155.08179828322983,40,18,2,True,2016-07-06 19:30:29
100,0.17611944584127176,0.18993580790630066,641.2330420945868,0.056336072839979184,0.004271408764389553,0.000854799406088777,0.0034010017247696834,289.71623995777816,40,13,2,True,2016-07-06 19:30:41
101,0.16616296580527923,0.1727083004629182,474.1034724326436,0.06001406936934909,0.0037909950132636403,0.0007103813008279433,0.0032560641674112666,432.22290728730417,40,28,2,True,2016-07-06 19:30:53
102,0.18833524883880584,0.21186557916924847,100.00000000448983,0.052959060308586485,0.005639006332293072,0.0009302099973053471,0.0056332943497974415,68.71525531176665,40,11,1,True,2016-07-06 19:34:53
103,0.17164420389197343,0.1876131797390122,322.9396227791891,0.057981534351822836,0.00492784091606527,0.0008747613591149681,0.004558194968889805,174.54541588683125,40,9,1,True,2016-07-06 19:35:05
104,0.16246820008354715,0.17356435762163674,187.93035465150737,0.061413411286849115,0.004023512406692044,0.0006814049665450442,0.00394750385553629,142.0879666258985,40,31,1,True,2016-07-06 19:35:18
105,0.17902564748202443,0.19558601436147457,271.90467527305634,0.05564627868132452,0.005676449920309823,0.0009901088286070321,0.005383177500389122,171.95532629020028,40,24,1,True,2016-07-06 19:39:18
106,0.16347006223367555,0.17667673849656168,229.67224282614646,0.060988677144665,0.004505489454512497,0.0007740756399771075,0.004350548337549429,152.40957680274863,40,10,2,True,2016-07-06 19:39:30
107,0.1579810034369707,0.16718375209080263,355.2198769132855,0.06307229148583192,0.00285550752523292,0.000512078090403037,0.00259934851210204,187.69500710448705,40,21,2,True,2016-07-06 19:39:42
108,0.17925448224594287,0.17897552036406011,4643.7821501188755,0.05592490066525207,0.006556125591032228,0.009963161357487416,0.0031841747728353085,341347.57984890015,40,17,1,True,2016-07-06 19:43:42
109,0.16137743451906106,0.18273796420176858,485.51561331475483,0.06133247645853833,0.004303135973069341,0.0008102753141151811,0.0036739821403547345,152.90878787686785,40,10,1,True,2016-07-06 19:43:54
110,0.15838254940577315,0.16575986824339647,327.3554083081177,0.06297605048190229,0.0030332365444606423,0.0005386020603489868,0.0027986645821443585,234.7496342322216,40,14,1,True,2016-07-06 19:44:06
111,0.1725054936064251,0.18053720627597494,715.6662226942676,0.057704547395959364,0.0052621878304504755,0.0010866925435198173,0.004070039486161243,669.9722730988341,40,22,2,True,2016-07-06 19:48:07
112,0.15808645806382093,0.1716343892009751,327.29374834627134,0.06298234001101863,0.0047543936990370175,0.0008449211577672359,0.004393152501353687,200.49879238332232,40,23,2,True,2016-07-06 19:48:19
113,0.15385185932607584,0.16298689875556194,316.1830848325616,0.06479105436459928,0.0032735153546347333,0.0005790232028837247,0.003037163273020986,199.71049406015763,40,19,1,True,2016-07-06 19:48:31
114,0.17887848867855138,0.18847376605713748,533.9974157262753,0.055713381728015064,0.006759490091990992,0.0012991862500358695,0.005646189348276576,574.5924929128562,40,27,1,True,2016-07-06 19:52:31
115,0.15797994095578746,0.1642634248794971,4919.3089871533575,0.062033512561125784,0.004084866298448405,0.006883663471815286,0.001958356635388746,10718.04927569629,40,7,1,True,2016-07-06 19:52:43
116,0.15676142256837441,0.16493051884951512,100.00000000000001,0.06372782600760288,0.0036203133030309298,0.0005962660954392502,0.0036166765496538854,127.32006397818814,40,17,1,True,2016-07-06 19:52:55
117,0.18575946643075308,0.19786620809906613,368.59561043947156,0.05365166380506034,0.005805984879770483,0.0010480489211862475,0.0052504152816056976,298.6915413260355,40,10,1,True,2016-07-06 19:56:55
118,0.16487529389225075,0.1723561179215779,820.5562546591451,0.060336649264338314,0.004729113518369503,0.001020718915279949,0.0035135542545110393,723.3555952397714,40,10,2,True,2016-07-06 19:57:07
119,0.1589413589455353,0.17044592600987393,294.98940135629414,0.06269992165518147,0.004154806921833744,0.0007297843595869318,0.003896037564198716,191.69157692008878,40,20,2,True,2016-07-06 19:57:19
120,0.18465806554942502,0.20448703129855597,488.9017243921538,0.05371107691625607,0.005300320018881579,0.001000528131272982,0.004517793806710905,203.95343274401282,40,9,1,True,2016-07-06 20:01:20
121,0.16780749280435758,0.18174382266667832,288.464618955112,0.05934867036331947,0.003957601952385457,0.000693431646911782,0.0037223267207897415,148.4175151643319,40,10,1,True,2016-07-06 20:01:32
122,0.15950654324095548,0.16514698763984892,602.0365724437177,0.06250061589856255,0.003755100724323573,0.0007393721733606168,0.003040902570770326,594.1003133351372,40,11,1,True,2016-07-06 20:01:44
123,0.18334258441283896,0.198583000546345,310.49661924964767,0.05431584908092336,0.004998661375116849,0.0008834830358816578,0.004650634415820189,180.46133832740844,40,11,1,True,2016-07-06 20:05:44
124,0.1682042740260873,0.18149376539926598,357.840122473165,0.05918745624041358,0.00469922292312375,0.0008443870433460356,0.004271957074599294,215.19750054858795,40,29,2,True,2016-07-06 20:05:56
125,0.15812881875218673,0.1697084736497192,310.81480862004287,0.06298968387207413,0.003220945990847595,0.0005686693684014609,0.002996114317593427,153.0838909448134,40,12,2,True,2016-07-06 20:06:08
126,0.17941562457799662,0.19236146731630577,518.5198981658125,0.05543236697257123,0.005542639887005328,0.0010576949780202445,0.004660229387490263,341.6487026311501,40,15,1,True,2016-07-06 20:10:08
127,0.1642066538792853,0.1778873001733003,357.08315348035757,0.06061070040416754,0.004562354374361209,0.0008195651313226207,0.0041481379722264075,202.63840011119493,40,10,1,True,2016-07-06 20:10:20
128,0.15643252673899843,0.16506092012565418,100.0000000000006,0.06384252398532574,0.0028946498968877407,0.00047665407597215947,0.0028915919176591026,96.12885852546663,40,9,1,True,2016-07-06 20:10:32
129,0.1763464484222302,0.19370806045719577,244.46382941362128,0.05648296699729547,0.005151037175441723,0.0008896804979400812,0.00494724714878313,138.52448179746608,40,26,2,True,2016-07-06 20:14:33
130,0.16053924990500448,0.16933695634697518,350.4542262477422,0.062118003582402014,0.00457647967058145,0.0008200474189119392,0.0041754162478498434,312.0833194357287,40,26,2,True,2016-07-06 20:14:45
131,0.1531249138999977,0.15992613025185856,642.299545200516,0.06502066416114656,0.0033123568612281953,0.0006626180675301903,0.002635999933447152,456.9017599997694,40,7,1,True,2016-07-06 20:14:57
132,0.17223392368963159,0.19098695781712327,848.80922360279,0.057264625258897375,0.005049742223966019,0.0011043592807420525,0.003713456045046044,316.888950353081,40,10,1,True,2016-07-06 20:18:57
133,0.15962246128454183,0.16850250040389977,100.00000000000003,0.06258949939463564,0.004103949313672977,0.0006762287548949266,0.004099566163117116,132.45079604583364,40,18,1,True,2016-07-06 20:19:09
134,0.15164551853995137,0.15634668454392497,703.0334837048762,0.06572722163321959,0.0029732557254230937,0.000609757927523079,0.0023087478665206134,637.0393394901419,40,24,2,True,2016-07-06 20:19:21
135,0.1732029485073823,0.1863254245035901,500.2770703061463,0.05743897479258588,0.006321048780595826,0.0011984041032683593,0.005360676185424028,374.53225538247693,40,27,2,True,2016-07-06 20:23:21
136,0.1574634730911128,0.16944077834456608,425.09118503260356,0.06318977221750387,0.0044924609088135585,0.0008269688716469015,0.003954832905816043,258.7010145748969,40,29,2,True,2016-07-06 20:23:33
137,0.15336312278912156,0.16323659222414708,100.00000554822788,0.0651173956635201,0.003506710549881825,0.0005776156290916699,0.003502968511246418,101.74373110844255,40,8,1,True,2016-07-06 20:23:45
138,0.17279735049889589,0.18206941938593488,398.7432606790858,0.05769372805498505,0.004886741630299446,0.000891268790520903,0.0043559576406655975,346.7587785926737,40,19,1,True,2016-07-06 20:27:46
139,0.15920611281157446,0.17355285313851268,351.0486294468345,0.06250554220609127,0.004771614359649507,0.0008553104160679335,0.004351530030840229,199.65749767215323,40,10,1,True,2016-07-06 20:27:58
140,0.15362367651684114,0.16648406247072112,100.00050743885741,0.06496100123511772,0.0030571299506278846,0.0005034447410699805,0.0030538453506619586,68.10436018437116,40,16,1,True,2016-07-06 20:28:10
141,0.1757838732652752,0.19114416270251794,100.00111123360836,0.05681319090914001,0.005769006449250949,0.000951828523997479,0.005762804665921133,107.59663511620994,40,13,1,True,2016-07-06 20:32:10
142,0.1615825475921167,0.17396869406411836,264.80988409393126,0.061677314124790855,0.00399622003357814,0.0006945351789587312,0.0037999875126437806,158.95264756210528,40,11,1,True,2016-07-06 20:32:22
143,0.15595404059501733,0.16490118977234805,100.00000000000664,0.06404534210915096,0.003499303590713074,0.0005764056497128191,0.0034955479025456098,112.0258440009033,40,9,1,True,2016-07-06 20:32:34
144,0.17209678108189774,0.18222427663637072,778.5425192929022,0.05774477506820952,0.005943954531002757,0.00126111750918226,0.0044873295445768775,643.1839710613496,40,23,2,True,2016-07-06 20:36:34
145,0.1594771405231111,0.17126511286623616,493.4943204096418,0.062339825838549426,0.0037505101848183753,0.0007080432113239076,0.0031930516575037495,244.52812593713705,40,33,1,True,2016-07-06 20:36:46
146,0.1534501444757332,0.1618378543987103,334.57728503323773,0.06497958885417728,0.0037163313650696414,0.000661801696229314,0.0034169273618886217,257.01892255310537,40,24,2,True,2016-07-06 20:36:58
147,0.17549748325727105,0.19129209857427482,154.13408136566304,0.056875080636202044,0.006294152080010786,0.0010557356305800193,0.00623887327383752,139.41704911296503,40,19,2,True,2016-07-06 20:40:59
148,0.1609272087531583,0.17087626998272354,144.1474916972191,0.062056337185193454,0.004546083503188972,0.0007593795660849384,0.004514050325642207,152.90657492594846,40,10,1,True,2016-07-06 20:41:11
149,0.15528723909693876,0.165999517042312,154.19238944419808,0.06426578634566649,0.003489500125671921,0.0005842825836257229,0.0034572187461397387,113.27633227479262,40,10,1,True,2016-07-06 20:41:23
150,0.15759723791233787,0.1825255858263386,30848.299115581274,0.05568192051987178,0.005886185553720247,0.3580366904798009,0.0025015266708005453,501005.7939853764,40,10,3,True,2016-07-06 20:45:23
151,0.17145060571684678,0.1652506480298066,49989.953630228214,0.060415279115388826,0.0046847126404720016,0.7452543109399244,0.0019677910684425606,6485819.427153365,40,12,1,True,2016-07-06 20:45:35
152,0.1558727344111635,0.1616731635348892,198.78609363880173,0.06408912959897099,0.0037444549741340637,0.0006362721071999035,0.0036600552199740365,262.235619766766,40,21,2,True,2016-07-06 20:45:47
153,0.17365269502812855,0.19495047139760505,203.9690640962267,0.057333577262513376,0.005067741950911562,0.0008635090930270038,0.004944319723773739,98.30300057036938,40,17,2,True,2016-07-06 20:49:47
154,0.15859094784388997,0.17079539413906386,519.7996488499288,0.06265950842329046,0.0040020808830195966,0.000763342947741511,0.003362501657646793,261.86856963337453,40,11,1,True,2016-07-06 20:49:59
155,0.15739628189116506,0.16456076194995428,234.9635186878875,0.06343373545281084,0.0039577276829620995,0.0006808655956253618,0.0038130642378122743,250.60639763564112,40,21,1,True,2016-07-06 20:50:11
156,0.1686570631725619,0.18179985739880927,207.50535383791077,0.059130471589224104,0.004359500562992781,0.0007432668585542869,0.004247137774806205,138.57206606662558,40,11,1,True,2016-07-06 20:54:12
157,0.15662010132313525,0.16740068264945335,142.9154010367497,0.06376199049666752,0.004778716127805208,0.0007980130290745419,0.004746287851695486,147.6796501999214,40,16,1,True,2016-07-06 20:54:24
158,0.1495677143480586,0.15839303994424064,566.087700050399,0.06650982178325315,0.003388149476097964,0.0006575563574398437,0.002789965108549568,326.90328958629544,40,9,1,True,2016-07-06 20:54:36
159,0.17056165934115425,0.1823925788846159,472.7099684371369,0.058340065466646863,0.004829381788725383,0.0009054636646622007,0.004148737299700433,303.9558379569514,40,8,1,True,2016-07-06 20:58:36
160,0.15749153096793966,0.1690022507395071,215.039522897105,0.0633295198614632,0.004090777881557725,0.0006991644138407743,0.00397347448126522,151.92354308443672,40,11,1,True,2016-07-06 20:58:48
161,0.15079690538838691,0.1594629098563373,329.7505594536314,0.06612057390329834,0.0038892410726401806,0.0006914389223478073,0.003585185802396617,257.72036050097904,40,19,2,True,2016-07-06 20:59:00
162,0.16647741802413205,0.18550433369795802,606.0776330201182,0.05945157425954908,0.005597381866824408,0.0011054365332026958,0.004525207350320047,264.34463354866335,40,9,1,True,2016-07-06 21:03:00
163,0.15225939958825424,0.16343152035772027,446.5085045447492,0.06534511417849433,0.00419990575866779,0.0007791308504886095,0.0036553437893513223,268.63980580126633,40,13,1,True,2016-07-06 21:03:13
164,,,,,,,,,40,,-2,False,2016-07-06 21:03:25
165,0.16362025810635902,0.17635137177218585,292.9844456677177,0.0609204007886398,0.005528957474679994,0.0009717523415369018,0.005187574745834782,229.38131944860277,40,12,1,True,2016-07-06 21:07:25
166,0.15142674058690322,0.16499789661096914,145.4894217143069,0.06585616422340979,0.0030443544227110363,0.0005082440400396651,0.0030221455095072298,75.46514301027014,40,19,2,True,2016-07-06 21:07:37
167,0.1465008413670689,0.14889239311360478,1220.4808802685593,0.06809709384434766,0.003806473430206663,0.0009967566632405967,0.002508706934559978,2627.951993379091,40,22,2,True,2016-07-06 21:07:49
168,0.15897039144856162,0.17333373559548673,494.8264592029392,0.06249693299060753,0.005404565208184396,0.0010222039406690426,0.004595837579981181,289.8747692303949,40,11,1,True,2016-07-06 21:11:49
169,0.14805516301147753,0.15923562625814836,118.56944210558137,0.0674223519578613,0.003576054430152758,0.0005922714794435455,0.003565985202012452,97.30834085351009,40,17,1,True,2016-07-06 21:12:01
170,,,,,,,,,40,,-2,False,2016-07-06 21:12:13
171,0.15799532590606666,0.1700170275100016,261.2815366766811,0.06311634167176274,0.005258345370840668,0.0009138117487832708,0.005007807412238343,213.43603239190838,40,18,2,True,2016-07-06 21:16:14
172,0.14617404709738865,0.16013772996577208,311.3098825365239,0.06807021010789477,0.0037665778873107445,0.0006652013621941652,0.0035028674999333627,148.80367388241632,40,8,1,True,2016-07-06 21:16:26
173,0.1416420602906686,0.15409168492038966,118.04034218511138,0.07045298841827773,0.0036399588838941874,0.0006027909659718345,0.003629923949069757,88.76983254604171,40,10,1,True,2016-07-06 21:16:38
174,0.15515378243574054,0.16395370759265712,1307.2251544017945,0.06378305544941286,0.004507457006477265,0.001236048145978811,0.0029116352037790757,909.9109015334528,40,13,1,True,2016-07-06 21:20:38
175,0.14577888636377742,0.15278209128899245,697.7887544434712,0.06825995326281974,0.003821159037449529,0.0007823283046422768,0.0029728222478537336,546.2860148454024,40,15,1,True,2016-07-06 21:20:50
176,0.1417217588803342,0.1440920679919928,4816.588224857064,0.06998678129394105,0.003255400102105365,0.005276522530887027,0.00156460872751578,21584.658386864423,40,4,1,True,2016-07-06 21:21:02
177,0.16167267221412038,0.1696695018861555,1004.0464270834376,0.06142025320827877,0.004640206028327022,0.001090233881253728,0.003247747983660254,792.2941911774444,40,8,1,True,2016-07-06 21:25:02
178,0.15074137535452195,0.15772980390939612,387.8535173128817,0.06616354786039025,0.0038413163689370723,0.0006972440959726946,0.00343990642850517,354.3618919722172,40,27,2,True,2016-07-06 21:25:14
179,,,,,,,,,40,,-2,False,2016-07-06 21:25:26
180,0.17474308256139098,0.194203835011427,246.91790533493952,0.056964277010076725,0.005148950297655413,0.0008901683587145544,0.004935640281573013,124.27056420974334,40,11,1,True,2016-07-06 21:29:27
181,0.1584929889002601,0.16910355541925143,488.45827139232256,0.06276506440371708,0.0035654878851811077,0.0006718068328738509,0.003039892367726559,256.1767853870908,40,8,1,True,2016-07-06 21:29:39
182,0.15384173242449317,0.16058300466301373,564.8021329274421,0.06475829942530614,0.0035949111872542656,0.0006974209656769794,0.0029600961720274593,453.54129617460234,40,22,2,True,2016-07-06 21:29:51
183,0.1899733425866304,0.20405577468368993,161.6754515615544,0.052536171901518235,0.005261951712993024,0.0008843670806869537,0.005203317651500795,133.50146360453707,40,13,1,True,2016-07-06 21:33:51
184,0.17335971605327186,0.1875762226589863,183.04521313451505,0.057514543511124665,0.0035267574376936857,0.0005961131325099648,0.003465556408368488,95.62283656405887,40,11,2,True,2016-07-06 21:34:03
185,0.1612609081469185,0.17307720554521236,251.40370921805865,0.061810664314463554,0.00355683493497609,0.0006152201262762808,0.0034024737735187114,143.0023673527921,40,10,1,True,2016-07-06 21:34:15
186,0.18159159301905586,0.20228400364321844,393.24604129096434,0.05467888702931393,0.005427113426331829,0.0009882872106380042,0.004846834630577231,170.80763474465826,40,9,1,True,2016-07-06 21:38:15
187,0.1743653591044113,0.18725805306539142,511.8860121010847,0.05701039061215727,0.004312291148887359,0.0008200262767009374,0.003638236537934388,264.15787104771556,40,9,1,True,2016-07-06 21:38:27
188,0.15851658359630574,0.16373287544573983,142.37948627608344,0.06305240316435812,0.00393195859028393,0.0006561415678650306,0.0039056754466171204,250.56488774207756,40,9,1,True,2016-07-06 21:38:39
189,0.1789374181796735,0.18644914509236973,707.0630109951859,0.05566546269570772,0.005410879939003394,0.001113533158774238,0.004194041235372452,729.2359374342323,40,14,1,True,2016-07-06 21:42:40
190,0.16671384795248048,0.18476049159875285,399.60201428717806,0.05954968571126198,0.0038002104422530363,0.0006927370929873323,0.003383439480487741,138.73891233379868,40,17,2,True,2016-07-06 21:42:52
191,0.15684151511134767,0.16867945166132448,188.95173414558917,0.06359467993425427,0.0036289119333121683,0.0006145854172036717,0.0035589866753669495,120.55124917842828,40,15,1,True,2016-07-06 21:43:04
192,0.1760087176593822,0.1851715936318567,442.6464690682704,0.05662265395342096,0.004602333337607234,0.0008530356401240856,0.004011644425402233,356.32128857340626,40,14,2,True,2016-07-06 21:47:04
193,0.16003480952005644,0.16648323577241697,546.0980735088693,0.06228049443760095,0.0037063151840164136,0.0007140905390122279,0.003077192504654021,476.194096503947,40,11,1,True,2016-07-06 21:47:16
194,0.15145431728585057,0.15854365792725364,647.4415863496963,0.06572396620091996,0.003492846140662248,0.0007004856150106307,0.0027735035176741055,464.99471561428396,40,9,1,True,2016-07-06 21:47:28
195,0.17560223470480585,0.18418737971095953,251.26914042982366,0.056851462481342395,0.004727978663696383,0.0008180721352699746,0.00452338682376484,261.909703411915,40,28,2,True,2016-07-06 21:51:28
196,0.16540851868199566,0.1593403541979941,49982.104210677055,0.06266827313255989,0.004946189005440585,0.7867783831073274,0.002078597362202935,6995026.852527609,40,18,1,True,2016-07-06 21:51:40
197,0.15056442406467613,0.16292677171386918,675.1561692630287,0.065839395489958,0.003378689295014207,0.0006850284373463457,0.002652780941130756,266.63112165362946,40,19,2,True,2016-07-06 21:51:52
198,0.17473807940270555,0.17843911752057467,2357.529309192182,0.05689273109640436,0.0053303067017830726,0.0026879285454382783,0.002930397067752874,5636.693818082413,40,19,2,True,2016-07-06 21:55:53
199,0.157768767910684,0.16838064664903243,256.4136069201834,0.06320513285002201,0.004044921437744605,0.000700978017416125,0.0038611419696681065,183.5788699627549,40,15,2,True,2016-07-06 21:56:05
200,0.15061873497788697,0.1590712663246384,243.25412408689226,0.06624401097345231,0.003494476053168607,0.0006026664946466969,0.0033553282723631926,192.11086220380233,40,26,1,True,2016-07-06 21:56:17
201,0.17232290470953465,0.17818882764642005,502.51040174480863,0.05790451410919007,0.00483305864962957,0.0009161232641256507,0.004095082361096636,642.1035297091447,40,21,2,True,2016-07-06 22:00:17
202,0.1560796222990658,0.16507099978419018,484.51702035714436,0.06379307771322859,0.0038130908806957506,0.0007174696781466404,0.0032578226501873164,321.499556115609,40,29,1,True,2016-07-06 22:00:29
203,,,,,,,,,40,,-2,False,2016-07-06 22:00:41
204,0.1539580312000703,0.17715727523631572,36741.23579338965,0.05719796946254846,0.005377902531774384,0.46329540439144296,0.002273670794576094,813744.5589341623,40,9,3,True,2016-07-06 22:04:41
205,0.1576153580502841,0.16945582487881958,191.73655067619046,0.0632927614104884,0.004204057169147752,0.000712947739226804,0.0041189705778807385,140.88586972268308,40,11,1,True,2016-07-06 22:04:53
206,0.15227077523608848,0.15925226208129128,570.169179126305,0.06539794458157806,0.002849502546506233,0.0005538042382175928,0.0023403454052714273,349.3333272221998,40,14,1,True,2016-07-06 22:05:05
207,0.17458986804614796,0.18191048750701194,485.65641040831235,0.05713621929925502,0.00580178088126063,0.001093483281172114,0.004953892748105057,603.3688870299939,40,8,1,True,2016-07-06 22:09:06
208,0.15905059608332256,0.16274299031149725,207.62467399282022,0.06284315089979879,0.0036302746519288748,0.0006186345636260363,0.0035368409992756235,410.86915933225475,40,14,1,True,2016-07-06 22:09:18
209,,,,,,,,,40,,-2,False,2016-07-06 22:09:30
210,0.17522816625058155,0.19909757508585402,100.00000000000001,0.05688782176582761,0.004520661846923431,0.0007451083764629161,0.004515782948533807,54.25989998144342,40,11,1,True,2016-07-06 22:13:30
211,0.16001506113929115,0.17675139514393973,114.20606735494144,0.06233179983156653,0.003942419010587092,0.0006522230024896331,0.003933335625581491,70.58331491511349,40,18,1,True,2016-07-06 22:13:42
212,0.15283446475806056,0.16732330175539759,218.34947901610593,0.06517334989242075,0.003080305646398855,0.0005267113769137988,0.0029880459305528474,91.80415388531748,40,14,1,True,2016-07-06 22:13:54
213,0.1803679313204252,0.1890728751659582,760.6508160104855,0.05516283421611809,0.0055133995429732475,0.001160425196787756,0.004197358082821677,680.8435531331845,40,14,2,True,2016-07-06 22:17:54
214,,,,,,,,,40,,-2,False,2016-07-06 22:18:06
215,0.15616771793496734,0.16428210626754056,513.8631306516425,0.06376529076977518,0.0033808803653519177,0.0006431512295265097,0.00284816034067011,329.8112553820925,40,8,1,True,2016-07-06 22:18:19
216,0.17541642436431557,0.1918412428468531,236.55017560649662,0.05681201377181763,0.005487118267709333,0.0009456877489476943,0.005283654502689134,152.31303664541662,40,14,1,True,2016-07-06 22:22:19
217,0.16238781734291868,0.17434382894281,243.22812879287756,0.06140134250692801,0.00427433494126184,0.000737626714846815,0.0041033663475934,166.01958435792034,40,9,1,True,2016-07-06 22:22:31
218,0.15244273717901374,0.16102109950366916,273.9547807001327,0.06542393910054961,0.003149423206184336,0.0005487924634556281,0.00298344597281895,185.13930600901676,40,24,2,True,2016-07-06 22:22:43
219,0.17238209604570562,0.18731898262295513,355.35485830024464,0.05773001019891483,0.004872561552435574,0.0008748439491208438,0.004436685742292887,197.70724275327692,40,21,2,True,2016-07-06 22:26:43
220,0.15971702057726933,0.16848052346661074,113.39588799512012,0.06255481706619065,0.004388889024644718,0.0007261470878282139,0.004379127166309983,149.6474563938974,40,11,2,True,2016-07-06 22:26:55
221,0.15288357588161844,0.16155501918328638,385.4653494984806,0.06518151164515336,0.0035570685905326367,0.0006451637581206568,0.0031892770260878627,263.12048012488157,40,9,1,True,2016-07-06 22:27:07
222,0.16167006167870454,0.17469848990699402,7625.845240295913,0.058857598329676755,0.00591348218023422,0.022841008117918577,0.002704555777435572,21328.774710925412,40,8,1,True,2016-07-06 22:31:08
223,0.1572018004501537,0.16520388791712265,616.9387523692096,0.0633101584930857,0.0038085375220566807,0.0007544164227481965,0.0030656953226361164,432.9776812145435,40,21,1,True,2016-07-06 22:31:20
224,0.13429410000000003,0.15185970835172152,39042.01666815386,0.06655715951635893,0.003248997059356012,0.3155270524095342,0.0013704005550283296,773101.6360016529,40,12,1,True,2016-07-06 22:31:32
225,0.16854179573842545,0.18059684762349928,522.9801733814934,0.059018136466803615,0.005736273017662569,0.0010972319154191168,0.004813190495453597,382.0003807185031,40,21,2,True,2016-07-06 22:35:32
226,0.15461006390493182,0.16827925627269147,442.6214784200921,0.06428866358189758,0.004582099604228094,0.0008492128511712931,0.003993631063192319,237.8909600327705,40,15,1,True,2016-07-06 22:35:44
227,0.1501500918449613,0.1620008264789172,114.04379929481043,0.06647778220676091,0.003645902302547219,0.0006030338562029425,0.0036375414174762023,92.13523491662211,40,9,1,True,2016-07-06 22:35:56
228,0.17303144361587638,0.1834162892889872,278.83233274576787,0.057665639917888215,0.005471347825415351,0.000956605433604882,0.005169086118738167,269.0715367514096,40,24,1,True,2016-07-06 22:39:56
229,0.15807174173188118,0.17221040182679273,266.8367327244947,0.06301003902940326,0.0042548728528715215,0.0007401950052771267,0.004042725015969045,148.99882374457937,40,10,1,True,2016-07-06 22:40:08
230,0.15023090061252828,0.15749929869126175,192.3361671960717,0.06644752395098565,0.002713068072752709,0.000459793257488638,0.0026579832742247415,148.4601855059118,40,29,2,True,2016-07-06 22:40:20
231,0.1728888521382087,0.18737775368956636,334.9713064415152,0.05755937518381048,0.003560346813334035,0.00063391045659711,0.003276065427633117,142.72155900977916,40,10,1,True,2016-07-06 22:44:21
232,0.15804383606410155,0.16640764012563236,1468.3626840088739,0.06257505642389435,0.0037017922628504187,0.0011096818419163907,0.002309658219311164,895.9993656314869,40,9,2,True,2016-07-06 22:44:33
233,0.15096189550162395,0.16043181091259767,352.50956703863983,0.06600870355514223,0.003746803414381487,0.0006715440374853053,0.003415994239608106,238.15701939869325,40,14,1,True,2016-07-06 22:44:45
234,0.17372360811244206,0.18415803211072923,133.23457987365995,0.05750304064753516,0.005273505567332978,0.0008783647855224963,0.005247371320592821,162.41358227379106,40,11,1,True,2016-07-06 22:48:45
235,0.16060619058444667,0.17569553737498153,238.50492804088276,0.06202674580057757,0.00423026946513763,0.0007287470033969554,0.0040696408699223375,128.5323214126883,40,9,1,True,2016-07-06 22:48:57
236,0.1513886449488973,0.1544398011547227,701.9355303928315,0.06592286969534927,0.002937044448901101,0.000602082232987778,0.00228160920777881,968.1692971830436,40,18,2,True,2016-07-06 22:49:09
237,0.17562433334958358,0.1908611330082341,504.1347693987024,0.05653839700739727,0.00408169968090319,0.000773705128430525,0.0034580054220515978,209.28253692596675,40,10,1,True,2016-07-06 22:53:09
238,0.18478237901709857,0.1620658079504469,38074.754157744894,0.061023325224779636,0.005393237634524062,0.49902319893312297,0.002284977299375873,924365.8826054229,40,14,1,True,2016-07-06 22:53:21
239,0.15559204116828915,0.16317452772486252,513.1903986295683,0.06402045871795485,0.0034539533238579618,0.0006568807142303072,0.0029107113752163843,360.2187732003382,40,10,1,True,2016-07-06 22:53:33
240,0.1769355861715304,0.19180073376814094,573.1590314768973,0.0561137479813935,0.005419802949959495,0.0010564420515912177,0.004448898847349421,313.6405484939291,40,10,1,True,2016-07-06 22:57:34
241,0.1626267478992388,0.17207381288557735,285.78538652601026,0.06134153892782168,0.004566920630699823,0.0007998705158053494,0.004299943938199335,251.09825651061504,40,11,1,True,2016-07-06 22:57:46
242,0.15549143975264007,0.16435706993185925,547.0825288151572,0.0640023523173036,0.003690638278578983,0.0007111890516893406,0.003062213757253996,345.4788652372737,40,11,1,True,2016-07-06 22:57:58
243,0.17522596806346383,0.19378189228703557,367.1354709528099,0.05671682475583989,0.005176986463502247,0.0009336596084559491,0.0046876170623420844,173.0856445560831,40,31,2,True,2016-07-06 23:01:58
244,0.16107959454382856,0.1647462199243086,2281.81824494445,0.061677078107288015,0.004170571373923015,0.002011379435303774,0.0023123349424888457,4223.584029835874,40,13,1,True,2016-07-06 23:02:10
245,0.15433159299068566,0.16020931134107783,828.6165619079356,0.06449487063578496,0.0034656151679494478,0.000750436565442264,0.0025666093967209656,679.3204421936555,40,20,2,True,2016-07-06 23:02:22
246,0.1796740793753533,0.19400530171160937,404.8982789196695,0.05537634608024997,0.0049268393056490145,0.0009006987284870933,0.004375421384062627,228.68174427252836,40,24,2,True,2016-07-06 23:06:22
247,0.16053900445852248,0.16975830278210485,1585.4323290219659,0.061494844492199476,0.004084267124912892,0.0013086079445603594,0.002493441461204787,983.9536566154683,40,6,1,True,2016-07-06 23:06:34
248,0.15457324260505687,0.1608144829233709,700.8218615935546,0.06440797718618228,0.0028635692891378142,0.000586761189256861,0.0022250446174553224,460.8429078920102,40,9,1,True,2016-07-06 23:06:46
249,0.18286870008928685,0.17768842788287154,49997.08112107984,0.05622391426960541,0.005334464987481035,0.8496210725158636,0.0022421046287623135,8850947.647681138,40,12,1,True,2016-07-06 23:10:47
250,0.1627691503081406,0.17167835855130956,590.461284851314,0.06113269021338279,0.003913689132786105,0.0007670254392757658,0.003188548641258001,386.5054685563523,40,21,2,True,2016-07-06 23:10:59
251,0.15219811322009036,0.16075182802963917,421.80550546377714,0.06545749643779548,0.003530956990121125,0.0006488370970462004,0.003109517866812556,282.7534417477052,40,21,2,True,2016-07-06 23:11:11
252,,,,,,,,,40,,-2,False,2016-07-06 23:15:11
253,0.1608277301696432,0.17508567184708054,100.00000000000001,0.062065291566864585,0.004263470370000064,0.0007025867663166209,0.004258920623123288,85.65483731002597,40,11,1,True,2016-07-06 23:15:23
254,0.15097233109228675,0.15846977756049446,406.93675655386613,0.06603762765482091,0.003926593746777708,0.0007178969328080129,0.0034838649621293546,349.47800587828124,40,13,1,True,2016-07-06 23:15:35
255,0.14973603827220267,0.17274827448937666,36793.2978661367,0.058679769474483945,0.0055173571540471115,0.47672123829923363,0.002336004141543088,845240.0248536965,40,9,1,True,2016-07-06 23:19:35
256,0.15692452603109697,0.16424504305479232,252.48704272984625,0.06361925341070346,0.004189227080256424,0.0007251704481842177,0.004005439268528308,272.62676336930014,40,9,1,True,2016-07-06 23:19:47
257,0.1489085694910895,0.15297008372165322,975.9612181571746,0.06690020484622736,0.003244657230757739,0.0007513974961240101,0.002287785977167748,1062.266856954255,40,15,1,True,2016-07-06 23:19:59
258,0.16469043500287509,0.17990574079117572,1616.1632507904317,0.05947868409175445,0.0054626031191719465,0.001784349158426032,0.003316926678219512,817.6584854744481,40,10,1,True,2016-07-06 23:24:00
259,0.15593278827446994,0.17325803111461627,100.00000000044543,0.0639751090482335,0.004229100934543206,0.000696888211955095,0.00422504621389174,70.05942265588422,40,10,1,True,2016-07-06 23:24:12
260,0.1473427575987401,0.15463432331020505,658.9590402244112,0.0675216268196527,0.002953837872150593,0.0005948527350981989,0.002335629808650858,387.6453868436431,40,21,2,True,2016-07-06 23:24:24
261,0.17430307761481223,0.19045687289961902,258.4683001539584,0.05717421671122517,0.006154393078939071,0.0010692140790308526,0.005869409898007871,184.5961204681992,40,9,1,True,2016-07-06 23:28:24
262,0.1583277104633908,0.16639697737466214,739.1174777349183,0.06279559976341008,0.003411467593996971,0.0007105082632414249,0.0026114771878926646,443.2918501330726,40,13,1,True,2016-07-06 23:28:36
263,0.142543806048903,0.1532284098136472,49998.236697792105,0.06561716530237587,0.0034647917259307084,0.5511160069714767,0.001455125743182841,2783577.3530178624,40,10,1,True,2016-07-06 23:28:48
264,0.17059170479322153,0.1839430148624829,296.7762191848309,0.05841832596196039,0.005392896925003781,0.0009488042588950391,0.005052935042171042,215.52837564184344,40,18,2,True,2016-07-06 23:32:48
265,0.15793200187134662,0.17309290837660388,409.6282984179324,0.06290749396558105,0.0037446003550140306,0.0006851169867351371,0.0033171438109969604,165.62973541985,40,16,2,True,2016-07-06 23:33:00
266,0.14081074464912208,0.15192898787625397,49999.926646348555,0.06618666747925687,0.003092347818030359,0.49209970408872294,0.0012987642292363304,2388615.575835541,40,10,1,True,2016-07-06 23:33:12
267,0.17323325972155995,0.18794030290779004,248.26853123158716,0.05754264834128437,0.005435438602245316,0.000940449926789739,0.005209275632494608,174.22592543564696,40,17,2,True,2016-07-06 23:37:13
268,0.16111616822315222,0.1685938547418748,233.80649983253778,0.06197392116889762,0.0042862332470603145,0.0007373201307741482,0.004131491555065428,259.23708621765843,40,12,1,True,2016-07-06 23:37:25
269,0.15008936500143524,0.1566316490710376,550.7799802697925,0.06637928921197284,0.00320192347635221,0.0006177299315739184,0.0026529850544007357,408.1491885869329,40,11,1,True,2016-07-06 23:37:37
270,0.16982385030370611,0.17905211419362685,361.68237507610377,0.058748177233352274,0.005946132985715919,0.0010706449784439256,0.005396749343735612,395.5307039737921,40,29,2,True,2016-07-06 23:41:37
271,0.15426081418110602,0.1626999551246762,637.4229755758898,0.06449690322548583,0.004351748744525538,0.0008692362252580798,0.003470955662763702,481.30034389031897,40,15,1,True,2016-07-06 23:41:49
272,0.1483327401672416,0.15566704297247688,506.69965252056187,0.06715767570124342,0.00354164569256187,0.0006719554205426834,0.0029936114698313624,378.4347870603842,40,11,1,True,2016-07-06 23:42:01
273,0.16777546274868896,0.1697444927068291,769.5352825967472,0.05954613181110876,0.0036990116966184572,0.0007805246817218554,0.0027985406151822896,2036.0148622637244,40,14,1,True,2016-07-06 23:46:01
274,0.1575762515344282,0.16576802940090538,398.8953867786512,0.06326570498248188,0.004099245820277185,0.0007472910075488751,0.003652173815221521,329.07738564259535,40,10,1,True,2016-07-06 23:46:14
275,,,,,,,,,40,,-2,False,2016-07-06 23:46:26
276,0.16938244877199002,0.18177338790565156,800.478976011379,0.058533740271051946,0.005090496735859,0.001089712913439519,0.0038127733970335508,460.4329729355466,40,11,1,True,2016-07-06 23:50:26
277,0.15606765364241545,0.1700518965262926,539.6516160443275,0.06359391357875135,0.004283701378026152,0.0008235108304554361,0.0035662070460585763,251.63727222909856,40,20,2,True,2016-07-06 23:50:38
278,0.1500387016830722,0.1567675535381978,565.5084132519742,0.06638043193179019,0.002881106870966125,0.0005589994509359788,0.002370728863284425,364.1728684129022,40,14,1,True,2016-07-06 23:50:50
279,0.1696416622671293,0.1838271844391477,326.1112094961742,0.058730169681539754,0.006106290860241192,0.0010862617804198533,0.005639094437516451,245.32789090253345,40,23,2,True,2016-07-06 23:54:50
280,0.15822733378446627,0.16552136390978373,526.7419211409835,0.06298761595303201,0.004522591631687926,0.0008651211683061884,0.003790733952582665,500.3480697872785,40,13,2,True,2016-07-06 23:55:02
281,0.148967142437611,0.15571796559595338,308.0884555714335,0.06697183444156511,0.002922795052434556,0.0005154447011699776,0.0027224874300079945,236.77462378345587,40,20,1,True,2016-07-06 23:55:14
282,0.1674535783848857,0.1763842083713948,780.6628894367132,0.05938796122824203,0.00585249184186794,0.0012421365606456194,0.004412258761002182,720.3047418704739,40,21,2,True,2016-07-06 23:59:15
283,0.1553761701594484,0.1645303500711535,100.00000010764983,0.0643015316264023,0.004356928783700947,0.0007180380099784918,0.004352285939625575,136.34574159598802,40,9,1,True,2016-07-06 23:59:27
284,0.1472334571655046,0.1565838962771329,244.32211197065243,0.06774282830537043,0.003530563557730262,0.0006092012152097366,0.0033878304952384055,175.90341932948357,40,9,1,True,2016-07-06 23:59:39
285,0.15037770000000003,0.1738782000634399,32394.84909952701,0.05838894227286991,0.004966248635370196,0.33251669183537325,0.0021046487762793093,515322.85332068853,40,14,1,True,2016-07-07 00:03:39
286,0.15457046181684686,0.16892255020042377,471.442610601404,0.06426810447632053,0.004913039132031623,0.0009201883615917575,0.004225304032726444,254.71828830033814,40,36,2,True,2016-07-07 00:03:51
287,0.14689761965245463,0.1492046871646072,2006.1016639080112,0.06781068540210583,0.0036377773851076853,0.0014920557297969008,0.002081226567775851,4808.990585158547,40,17,1,True,2016-07-07 00:04:03
288,0.17046294411061524,0.18827761975835644,560.0886612259833,0.058135472135430556,0.004956325062187682,0.0009611642514135856,0.004089113452562033,235.02368005162708,40,19,2,True,2016-07-07 00:08:03
289,0.15707174041443772,0.1633793950989933,673.21525104436,0.06343825252312278,0.004714602581743122,0.0009555968763437733,0.003719235168548596,728.89615512635,40,23,1,True,2016-07-07 00:08:15
290,0.14950671039714403,0.15482371163166628,1346.9773752184524,0.06643177922814797,0.0033847690054541776,0.0009481184452799346,0.0021664300749738136,1167.671372783947,40,8,1,True,2016-07-07 00:08:27
291,0.17473574647220042,0.18462693555070686,122.81554887254046,0.05719716662080568,0.005931095291102619,0.0009853302154061321,0.005911142911399111,185.28669488949916,40,9,1,True,2016-07-07 00:12:28
292,0.1593630297797418,0.16720383040071157,1093.1854417774266,0.0622541092778611,0.0035951903514376475,0.0008818803001152274,0.002449552257267035,677.9964690678819,40,22,2,True,2016-07-07 00:12:40
293,0.15824418201778812,0.15115756615766357,49999.98386172457,0.06599261825374131,0.003923736148478123,0.625197000575554,0.001651635658816118,4761269.73230997,40,15,1,True,2016-07-07 00:12:52
294,0.17557341305260382,0.18569926898192315,625.8115235507736,0.056668719360073234,0.005569686281018687,0.0011086094086376875,0.00447122491027668,506.8417301072341,40,24,2,True,2016-07-07 00:16:52
295,0.1610210149035992,0.16912428294986953,807.3231277543307,0.06173157220054878,0.004058160408143734,0.0008706442411906175,0.0030300240963732,564.72427869128,40,19,1,True,2016-07-07 00:17:04
296,0.15245055981832495,0.16339555088558763,194.19876184166336,0.06542393938901184,0.0032727889981343816,0.0005551747467652058,0.003203835700042549,119.63449498481046,40,9,1,True,2016-07-07 00:17:16
297,0.17791163202504243,0.18689194475524795,306.99416757988234,0.05608725867066655,0.004914429118960201,0.0008672358873675311,0.0045874208967141205,299.02799431109815,40,23,2,True,2016-07-07 00:21:16
298,0.16235934055073364,0.17264110546876363,495.50621002896884,0.06132446531642698,0.0053052369759283005,0.001003283025193925,0.004512329462826204,398.3410545090117,40,16,2,True,2016-07-07 00:21:28
299,0.15307376858874708,0.1588127718214464,538.3176521510214,0.06513236030035932,0.0034861050553774016,0.0006694118542880194,0.0029043384872046406,497.9238592884916,40,10,1,True,2016-07-07 00:21:40
300,0.16573494623052934,0.17480263051211098,704.2970138955114,0.05999566444390323,0.004458711007193668,0.0009157394780686004,0.0034602375617424157,496.1680540642739,40,22,2,True,2016-07-07 00:25:41
301,0.15353397538702873,0.15767964758389222,520.4410010930759,0.06502972151693663,0.004398899090747877,0.0008394827823298897,0.003694667609690698,848.5596881641656,40,27,1,True,2016-07-07 00:25:53
302,0.14469934855639882,0.1562204677625769,210.9466656475165,0.06890212750562734,0.003527402628677767,0.0006017593573629412,0.003432897294519442,129.35300866745933,40,31,2,True,2016-07-07 00:26:05
303,0.16040304407635683,0.17274426844705654,165.08746249016454,0.062220932864990315,0.004791681818792782,0.0008058150254218551,0.004733989981117638,140.47838659407398,40,26,2,True,2016-07-07 00:30:05
304,0.15014342893555074,0.1604665741964169,100.00000000000007,0.0665102940298799,0.0036595483611553334,0.0006028469172963099,0.0036556272858272445,101.56610090948351,40,9,1,True,2016-07-07 00:30:17
305,0.14342226873648592,0.14958188295432476,465.07662961347626,0.06953098897368876,0.0040001357751576865,0.0007474230915319479,0.003449223623696859,477.5385149209642,40,7,1,True,2016-07-07 00:30:29
306,0.16111889721037334,0.18177363229400864,394.09600829583945,0.06155367239823059,0.004317405485628899,0.0007858717300826372,0.003855552442102106,136.2892643365525,40,12,1,True,2016-07-07 00:34:29
307,0.1545392038512003,0.1643153498190066,397.7712877463918,0.0644607202709918,0.004198045311155953,0.000765150821435335,0.003741268892780818,281.8671566045321,40,11,1,True,2016-07-07 00:34:41
308,,,,,,,,,40,,-2,False,2016-07-07 00:34:53
309,0.16708434171406622,0.17689984996861813,201.08435758697763,0.05977161691117513,0.005721477066251373,0.0009746008231210487,0.005587385879871837,238.53262576087903,40,18,1,True,2016-07-07 00:38:54
310,0.17553451524408945,0.15470701941964332,46527.49811923059,0.06407530296965555,0.004958890537940153,0.6845763715785218,0.002089563892134917,1660032.1770402973,40,10,1,True,2016-07-07 00:39:06
311,0.1470803919579093,0.15470154568549305,349.773822635254,0.06778023614107215,0.002752850164338273,0.0004926808918743851,0.0025119542288648943,216.10441295018276,40,9,2,True,2016-07-07 00:39:18
312,0.19432956550870834,0.17379644166199618,49999.877758680785,0.05716696673224583,0.0064801889753218055,1.0336531731412026,0.002726943633251708,2716646.856353594,40,20,1,True,2016-07-07 00:43:18
313,0.15926003737365493,0.17464022048467803,154.05281902830464,0.06260990711565255,0.003901403517118965,0.0006534615223736797,0.003865273037056245,88.08614925514118,40,10,1,True,2016-07-07 00:43:30
314,0.15119038584776925,0.15659059079861282,124.62611239731802,0.06610702115053917,0.003719525486864801,0.0006171961532255366,0.003706086567652547,214.2820630067852,40,28,2,True,2016-07-07 00:43:42
315,0.1722970706575949,0.18798468586087314,254.74251015787937,0.057837894449427156,0.005673853677277122,0.000983314484628618,0.005421560020798671,174.6791039230775,40,9,1,True,2016-07-07 00:47:42
316,0.15859111532273412,0.17023097456583902,180.67878152476894,0.06293086684269772,0.004824492670678479,0.0008155714716363906,0.004744292814050383,158.4092247674203,40,31,2,True,2016-07-07 00:47:54
317,,,,,,,,,40,,-2,False,2016-07-07 00:48:06
318,,,,,,,,,40,,-2,False,2016-07-07 00:52:07
319,0.1559440724073293,0.16930506610017645,176.63182770783277,0.06394083957665399,0.003542544828965239,0.0005975471939582167,0.003488144830789282,99.95235081343128,40,11,1,True,2016-07-07 00:52:19
320,0.1493937235011085,0.15525448933183794,981.1623060026344,0.06654946275507481,0.002895495976679228,0.0006720612813511297,0.002038417249660767,659.9050916568925,40,19,1,True,2016-07-07 00:52:31
321,0.17415114746287738,0.19361863471173002,105.23633282148849,0.05727529500400607,0.004550638413621565,0.0007512083053019051,0.004543964233794215,67.98319238453078,40,13,1,True,2016-07-07 00:56:31
322,0.15972914082217482,0.16788742715230193,1241.76521967049,0.06206077312764939,0.004971424477254783,0.0013163543378108891,0.003260161057705844,1025.0778370029861,40,21,2,True,2016-07-07 00:56:43
323,0.1511009306090081,0.1606205823371263,417.4682103477118,0.06589593022935236,0.003295189126452914,0.0006045848838247491,0.0029080527610676546,235.23166420707366,40,28,2,True,2016-07-07 00:56:55
324,0.17701519004140484,0.1914900875045495,239.66726143852816,0.05632492655836653,0.005412482216289473,0.0009338135105864658,0.0052044746304416,171.95307993655675,40,9,1,True,2016-07-07 01:00:55
325,0.16408916750472735,0.17560013259919632,249.73974523442268,0.06078429845699288,0.004942677798102302,0.0008549834646453552,0.004740436626680766,203.46450093559648,40,22,2,True,2016-07-07 01:01:07
326,,,,,,,,,40,,-2,False,2016-07-07 01:01:20
327,0.17611000393177517,0.19294793211621952,157.1554384169779,0.05665361802773008,0.0057245331498350415,0.00096095542589973,0.005667518758987877,119.54648268702022,40,15,1,True,2016-07-07 01:05:20
328,0.1579645370737594,0.16926173597287256,1121.1846628395497,0.06257190112774252,0.0043483953320278615,0.0010819530756272745,0.0029425480428091552,583.4349995029304,40,11,1,True,2016-07-07 01:05:32
329,0.15007600899184179,0.1586746602684328,364.4535592234936,0.06638782625785378,0.002366468250027737,0.00042566772215769824,0.002143747962190883,169.55856074894893,40,9,1,True,2016-07-07 01:05:44
330,0.1759399005836096,0.19124047472468247,466.5246114903285,0.05652079870011625,0.006672022690617534,0.0012495285423761604,0.005768456767278876,322.145247173973,40,18,2,True,2016-07-07 01:09:44
331,0.16280248515981288,0.17559053095598026,258.6967231758738,0.06124116444255048,0.0052186711485090265,0.000905697944961146,0.004977377125647163,198.16981174841536,40,12,1,True,2016-07-07 01:09:56
332,0.15337073066241658,0.16273452787172327,475.3523502616994,0.06490765970511604,0.0037957875703307368,0.0007117209750611657,0.00325644039624331,303.0854748047619,40,8,2,True,2016-07-07 01:10:08
333,0.17406441850491686,0.19116119076405405,315.7584707488701,0.057171521574047444,0.005293040127471154,0.000937325041181363,0.004914675828302312,172.45999824615768,40,13,1,True,2016-07-07 01:14:08
334,0.160993124977132,0.16726806471948158,841.2886567600636,0.06183817314962218,0.004755400630571141,0.0010361499701437148,0.003507961268020582,885.2449379022879,40,15,1,True,2016-07-07 01:14:21
335,0.151947089190372,0.16143547268475356,258.79795734261234,0.0656231747755765,0.0030941364630526695,0.0005363886266071629,0.0029515413808009487,158.04800349736658,40,28,2,True,2016-07-07 01:14:33
336,0.17124094943903065,0.18251310295922324,1568.3220115530462,0.05755643663054632,0.004730538496524762,0.0015015686379141447,0.002900161525801758,920.1478621322693,40,26,2,True,2016-07-07 01:18:33
337,0.15920242897711973,0.16775793016088633,325.98296928994955,0.06264452679028391,0.00410511628655868,0.000728883300424065,0.003798463156583504,273.35256306129895,40,23,1,True,2016-07-07 01:18:45
338,0.150904491026703,0.1558304963805095,1869.3982432971159,0.06572380013184295,0.0037428286484304666,0.0014156535697742733,0.0021817724972776893,2095.251220798992,40,12,1,True,2016-07-07 01:18:57
339,0.173232927884083,0.19150812881800333,100.0000000000171,0.057634688980397426,0.006342846087136101,0.0010469677286305404,0.006336816273019151,99.70548366027101,40,15,1,True,2016-07-07 01:22:57
340,0.15608942379681856,0.17031184961190102,100.00000000000266,0.06393317298486269,0.0036761625406904965,0.0006055960290203344,0.003672259479417649,74.05317793649525,40,10,1,True,2016-07-07 01:23:09
341,0.1482293550791213,0.15294141187971577,3877.996818543726,0.06653015672313299,0.0038424452589538994,0.004230318708238655,0.001910367292943168,8031.385622563804,40,6,1,True,2016-07-07 01:23:21
342,0.16829482027398054,0.17538384407320967,6377.794037894244,0.0580175342014156,0.005509167924463294,0.015112360684311526,0.002560782923998791,23522.944807958538,40,4,1,True,2016-07-07 01:27:22
343,0.15596484414601897,0.16999731514219787,381.8256277009604,0.06378142928669356,0.0048179850777380516,0.0008734131424958804,0.004329627579490776,218.8673348721169,40,26,1,True,2016-07-07 01:27:34
344,0.1472856529772819,0.14691584941073665,3134.654413086542,0.06800269224192786,0.0032268628705864667,0.0024860959561493847,0.0016675019615660148,56318.09850110406,40,14,1,True,2016-07-07 01:27:46
345,0.17466870037985022,0.18145781782036602,519.5875106898369,0.05711251514620137,0.00557422317258535,0.001064111179916937,0.004685063554714907,656.1706552535649,40,9,2,True,2016-07-07 01:31:46
346,0.15784586505639392,0.17071799034393245,221.40220623407225,0.06315885360795127,0.004104510962921801,0.0007030280428348257,0.003976679833080967,138.9790692297892,40,10,1,True,2016-07-07 01:31:58
347,0.1506934173633794,0.158118723892757,345.0928254634432,0.06616404470918844,0.0025802946977824003,0.0004609558639092665,0.0023601610557426257,205.9781067660726,40,18,1,True,2016-07-07 01:32:10
348,0.17579295090331745,0.18675213723550016,100.00000091557533,0.05685317086152078,0.005967439687863937,0.0009847474848161575,0.005961287997115318,156.09573091579938,40,6,1,True,2016-07-07 01:36:10
349,0.1598436679197839,0.175981269087328,168.4467515740706,0.062362939251055946,0.00417445305367914,0.0007025470208363412,0.004120286197937907,94.69041839503736,40,24,2,True,2016-07-07 01:36:22
350,0.149731982372799,0.15826031437046822,137.32189982483726,0.06668526566017766,0.0031971398129949295,0.0005324416332429413,0.0031789579180510298,122.31202417862528,40,18,1,True,2016-07-07 01:36:34
351,0.17448607344008712,0.18071210124150955,753.809692674046,0.05710522775386351,0.004944991084322609,0.0010368335718502104,0.003765169862236458,847.0617369197979,40,14,1,True,2016-07-07 01:40:35
352,0.16052923724714666,0.1690898367020559,477.73379824545344,0.06205378474148139,0.004037093988080484,0.0007576198418612774,0.00346465291911382,353.96036872231457,40,22,2,True,2016-07-07 01:40:47
353,0.1509437736367923,0.15411370625076357,1665.8211708850483,0.06592590368151788,0.0026318655180702895,0.0008829186523555349,0.001582816455241861,1961.307077101488,40,9,1,True,2016-07-07 01:40:59
354,0.18168931808091368,0.1972852582800155,224.75783567748434,0.05487465984339343,0.00546539143182977,0.0009379848710607669,0.005289562161944573,154.48515597630595,40,26,2,True,2016-07-07 01:44:59
355,0.16674966825896187,0.1774723051645784,100.00000000000001,0.0598973970515454,0.0041434716582145975,0.0006827802149832468,0.004139055370266177,110.71619925110024,40,9,1,True,2016-07-07 01:45:11
356,0.15438282308802243,0.15887444411523913,3520.920832819391,0.06400221335322664,0.003827436656091224,0.003572643115504045,0.0019360468404631746,6898.668053496979,40,7,2,True,2016-07-07 01:45:23
357,0.18568776714119095,0.2080155767927483,100.00000009005154,0.053722235155702,0.00555973365228311,0.0009171201137170605,0.005554057342370436,71.3882245089092,40,10,1,True,2016-07-07 01:49:23
358,0.1694471807601463,0.17860586677755716,328.85900695090464,0.0588573774728287,0.004412443451530726,0.0007845640822115063,0.004068239364258666,276.0957582020571,40,13,1,True,2016-07-07 01:49:35
359,0.15868565482189378,0.16824644567669925,368.2845093389391,0.06279653463035517,0.0038558053698465847,0.0006951163105832181,0.0034865162162470284,250.40516321734734,40,27,2,True,2016-07-07 01:49:47
360,0.1896277699170608,0.20316226256930134,612.2992147854693,0.052409697547139554,0.006454700049556929,0.0012792239587009547,0.005205458009134385,431.8495967416233,40,22,2,True,2016-07-07 01:53:48
361,0.1732529749809006,0.18140360384334617,351.43593472509036,0.057562367363116,0.003471457711025659,0.0006218268307081803,0.0031667627973956274,255.77805805431538,40,11,1,True,2016-07-07 01:54:00
362,0.16060569637871375,0.17193268053156516,156.5847115773403,0.062133781228657876,0.00360660644020843,0.0006044525639201923,0.003571002016062606,111.60499880689909,40,15,1,True,2016-07-07 01:54:12
363,0.18941652144498766,0.20707898237093622,250.44785830954325,0.052609019718278346,0.006143130551153316,0.0010640548565989325,0.005884468503194926,164.98835093047384,40,17,2,True,2016-07-07 01:58:12
364,0.17531796092907986,0.18723360078200002,261.46259369595305,0.05686288020050718,0.003756208381556714,0.0006520015279946061,0.0035767858794674232,153.83249901423255,40,8,1,True,2016-07-07 01:58:24
365,0.1603789444704594,0.16636831340198868,493.73034042294273,0.062179930656664724,0.003590138998188047,0.0006778219104854659,0.0030535095898121625,460.7342335072093,40,15,1,True,2016-07-07 01:58:36
366,0.19030891047738457,0.19794113573294583,715.7047760593576,0.052343766058136273,0.005438585123074411,0.0011230015108242726,0.0042013356050810535,728.5112824772688,40,12,2,True,2016-07-07 02:02:36
367,0.17047124247627646,0.18412061602281515,525.0913297390007,0.05825760450118253,0.0033860072548207083,0.0006467326262329163,0.0028385728902723634,199.63726450429095,40,28,2,True,2016-07-07 02:02:48
368,0.1620925248697038,0.16150893961233692,16885.710747881065,0.06192411994517781,0.004165550905521081,0.07636157850099637,0.0018039957506624867,2755542.7951440597,40,7,1,True,2016-07-07 02:03:00
369,0.19265320654613444,0.2064736182278673,292.81306444153347,0.051745801544106115,0.005807580779912075,0.0010204052113453512,0.005465451345257347,222.17615459772216,40,14,1,True,2016-07-07 02:07:01
370,0.17438542344537156,0.1897284521224677,183.9643608602191,0.05717685887574361,0.004384493172730209,0.000741676691823786,0.004307413839492663,110.59634193209773,40,11,1,True,2016-07-07 02:07:13
371,0.15973883423221844,0.16574491577936873,530.0937420229399,0.06241469943881565,0.003495895707428433,0.0006691765374395727,0.0029240278096489642,471.7810821802318,40,15,1,True,2016-07-07 02:07:25
372,0.19410338270363633,0.20774729206637915,300.0935194138821,0.05133616811900352,0.004357718382022805,0.0007667837861280605,0.004075243148331333,171.82643485553467,40,9,1,True,2016-07-07 02:11:25
373,0.17440389785757304,0.18578970061212258,300.5126220687613,0.057171345586242324,0.005034866537285757,0.0008867903174739504,0.004707621135074241,237.86659452473805,40,25,1,True,2016-07-07 02:11:37
374,0.15919487770129295,0.1664503394642147,3060.879821102489,0.06173271496134438,0.003556965027995669,0.0026384314604932734,0.0018469547522276721,3025.988966162618,40,9,1,True,2016-07-07 02:11:49
375,0.20236805034162392,0.2203958402319572,313.89260759762465,0.04918139721173002,0.004874548794022896,0.000862474040677273,0.004528431645714728,150.0353906493322,40,23,2,True,2016-07-07 02:15:49
376,0.1791735774213762,0.19425262167739216,157.1873757684997,0.05568817980324732,0.005121447338716959,0.0008594531546369078,0.005070094683568474,119.31739830406225,40,9,1,True,2016-07-07 02:16:01
377,0.16529396788575468,0.17325975557087678,415.8195161849506,0.060301350378348904,0.0033190878347132175,0.000608490405116984,0.002932401259913831,282.59778612379597,40,23,2,True,2016-07-07 02:16:13
378,0.1893388474557856,0.21670136541801968,297.65877966936256,0.05243917695531624,0.005650194758950969,0.0009944506217309575,0.0052900005242242755,110.35258499070542,40,11,2,True,2016-07-07 02:20:14
379,0.1738378319746332,0.19086817210077267,230.38996248615797,0.05729819715182001,0.004493596026773999,0.0007721364086840726,0.004337948447940732,118.20644011619034,40,17,2,True,2016-07-07 02:20:26
380,0.16184193908221156,0.16745789718245452,986.1223047118119,0.061487541878334835,0.003890169567932406,0.0009055166868491037,0.002734857412919603,929.7266250734315,40,21,1,True,2016-07-07 02:20:38
381,0.18624817731721724,0.21473931210187053,175.60812570598355,0.05341682010193523,0.004840195941682886,0.0008168562941279103,0.004767260152028936,63.80730594045448,40,10,1,True,2016-07-07 02:24:38
382,0.17425992532888393,0.19099843310717077,241.33200638653474,0.05715569173736019,0.004481261350305914,0.0007728585596137863,0.004306047178876298,123.82401024492961,40,10,1,True,2016-07-07 02:24:50
383,0.16179445630124967,0.17412730005342766,100.00000000011133,0.06169230593252138,0.0031832898607377725,0.0005242344538707926,0.0031801075700444007,74.05065163222008,40,9,1,True,2016-07-07 02:25:02
384,0.18711847574821697,0.1961116505685252,641.6357086522485,0.05320591740857307,0.005123293446241333,0.001026086901443555,0.00408243155567051,534.3887044231003,40,27,1,True,2016-07-07 02:29:02
385,0.1700489132197531,0.1809519120036308,381.9824006777512,0.0585713839465965,0.0037974412681186067,0.0006878924264094912,0.003410460589249558,222.10312505322992,40,31,2,True,2016-07-07 02:29:14
386,0.15874704608206913,0.16457553289865748,174.4881731627949,0.06293187927898093,0.0034946245669218133,0.0005890029226023334,0.003443377358766454,224.37265588966605,40,21,2,True,2016-07-07 02:29:27
387,0.18472440643367177,0.20563314043195902,100.00047665117579,0.054008604331746396,0.005261787218752358,0.0008677396567271102,0.005256194709641485,72.14690318009193,40,10,1,True,2016-07-07 02:33:27
388,0.16961449636538592,0.17980646927736632,494.16706535984446,0.05869096280738508,0.004384252924054895,0.0008283034278406011,0.003728723222834392,330.9333292501012,40,12,1,True,2016-07-07 02:33:39
389,0.15892696296147799,0.168274053239778,333.9872820916542,0.0627342861142719,0.004205672327594851,0.0007488148778062351,0.0038689706616587866,260.869408087006,40,15,2,True,2016-07-07 02:33:51
390,0.1834708448860782,0.19647077867160645,259.00113428717543,0.05434259826767723,0.004747951993113611,0.0008241091471546316,0.004526252034736736,177.12982986795166,40,15,2,True,2016-07-07 02:37:51
391,0.16516816163687445,0.16935728524472365,1302.7065825498066,0.060274392946483596,0.004093070988523425,0.0011192313259984796,0.00264435909221136,1728.6264086040044,40,22,1,True,2016-07-07 02:38:03
392,0.15537993570618372,0.16776150276572416,267.4707368660743,0.06413331544569341,0.004106486588580789,0.0007145272162940742,0.003899474691487672,164.38339031371086,40,10,1,True,2016-07-07 02:38:15
393,0.17712156332389992,0.19189711882475366,469.86644096879996,0.05612329694179506,0.005226203350569296,0.0009790565562227255,0.004497098812585842,262.23150131443015,40,19,2,True,2016-07-07 02:42:16
394,0.16085346701181474,0.16961405080375566,721.9039185848508,0.06182813005423232,0.005041228631107731,0.0010437268227290672,0.0038866018432331495,592.4306984728196,40,13,1,True,2016-07-07 02:42:28
395,0.15405135736831524,0.16363498655876077,188.27328857175598,0.06477693003034755,0.0034357852827650954,0.0005816828735841074,0.0033702848905258717,140.64800953368595,40,11,1,True,2016-07-07 02:42:40
396,0.17543975911655577,0.18545513010571837,222.85174311996903,0.056893149659977445,0.0048522086052888574,0.0008317937185689814,0.0046997168030478145,212.40141149901132,40,22,2,True,2016-07-07 02:46:40
397,0.16274331739016218,0.17294408901212827,141.39243202462768,0.06135720749456405,0.004394507171792681,0.0007332764182859544,0.004366084300442244,142.7540825069908,40,10,1,True,2016-07-07 02:46:52
398,0.15475888844155608,0.15186655429975224,28320.08025151081,0.06575556950123188,0.004062237080546216,0.20809275657381202,0.0017268292909629968,2328756.3715688614,40,13,1,True,2016-07-07 02:47:04
399,0.1761453779620172,0.19457602419839606,301.8484856394887,0.056518449257200724,0.0065681281506207966,0.0011587087561340972,0.0061388845492325725,192.55033744786735,40,15,2,True,2016-07-07 02:51:04
400,0.16145911861829867,0.17711477142507515,151.78825117326755,0.06175499976966205,0.0038722673807657323,0.000647967595461457,0.0038392979549618177,85.36823865259993,40,24,2,True,2016-07-07 02:51:16
401,0.15281412848999834,0.16164524237986352,422.90840736953743,0.06518889889807587,0.003696627503395118,0.0006798335115821622,0.0032534312533554367,287.0799200120585,40,17,1,True,2016-07-07 02:51:28
402,0.19365404417767582,0.20982782685943369,549.408366912785,0.051265779847837284,0.004652644562917661,0.0008981522571015023,0.0038561213331131596,239.44733334283433,40,15,2,True,2016-07-07 02:55:29
403,0.17363322001741094,0.19257900754135313,220.47704388478365,0.05733826232250411,0.00403889050540073,0.0006914843434348484,0.003914611126871172,92.66168075484296,40,11,1,True,2016-07-07 02:55:41
404,,,,,,,,,40,,-2,False,2016-07-07 02:55:53
405,0.1756165602586534,0.1821797516163416,1265.8831791147213,0.05660444597041443,0.006155214967880349,0.0016523367091889494,0.004018579239500361,1610.297836777785,40,9,2,True,2016-07-07 02:59:53
406,0.16040698900610717,0.1705991089654751,348.0108304914835,0.062138181590439615,0.004757944527699837,0.0008520885966514975,0.0043455155848560805,278.3697398977911,40,27,2,True,2016-07-07 03:00:05
407,0.14921853228955412,0.15422282203927234,603.7453785462872,0.06682637828531068,0.0037634120993875835,0.0007414875966942619,0.0030488222851827243,672.8890610041324,40,23,2,True,2016-07-07 03:00:17
408,0.17780355279733406,0.19087394270971203,206.51383766792563,0.056118333448754526,0.005573025173869883,0.0009507146984463858,0.005432259544213947,177.90553226211773,40,9,1,True,2016-07-07 03:04:17
409,0.16092096441079515,0.17400632948203454,417.30216454912573,0.06181560941644723,0.004551701511656831,0.0008357581488402041,0.004019729813167194,236.41374710362552,40,17,2,True,2016-07-07 03:04:29
410,0.15250686837192529,0.16279173581332199,154.3151602698817,0.0654529924044043,0.003916665500015418,0.0006560111990449485,0.0038803111284886763,132.46646425325844,40,13,1,True,2016-07-07 03:04:41
411,0.17643931331402354,0.18413966876306617,284.3291003348733,0.056587066464510075,0.005152782376429412,0.0009024111856058297,0.00486066863516464,346.43075654938946,40,27,2,True,2016-07-07 03:08:42
412,0.1599310543988609,0.17382449412840675,281.63593770027677,0.062269003625503486,0.0040311850595275076,0.0007048240932644448,0.003802792085455821,149.13024322203327,40,12,1,True,2016-07-07 03:08:54
413,0.1539884831768821,0.16422744558990626,100.00000000000001,0.06483009942948142,0.0025803472445339475,0.00042482432180306697,0.002577766785659129,72.27119685153298,40,9,1,True,2016-07-07 03:09:06
414,0.1746372714424127,0.18162373319287609,672.2633444464607,0.057106793482767954,0.0071913730723105265,0.0014612981909878405,0.005678307211459995,1003.0573965525277,40,23,1,True,2016-07-07 03:13:06
415,0.16211573804235316,0.1665240763579129,478.02269133116647,0.06158554496411751,0.0041704762936907525,0.0007828910926214426,0.00357418640512018,710.2785103264843,40,30,2,True,2016-07-07 03:13:18
416,0.15088619710461634,0.1617432545978676,615.2430274962098,0.06582125847640034,0.003848823271827176,0.0007617198432559095,0.003101805212175895,321.9642613108224,40,17,1,True,2016-07-07 03:13:30
417,0.17395812278127193,0.18793248151531483,1077.0434774464952,0.05678512136454465,0.00571901708480949,0.0013928696696211267,0.00391765019397404,597.7871387262159,40,8,2,True,2016-07-07 03:17:30
418,0.15207145073037512,0.16097152315086266,49999.99999999937,0.062451484094573066,0.0056818734698527796,0.9048322956563822,0.002389601020112587,5486793.217842101,40,10,1,True,2016-07-07 03:17:42
419,0.15032476966779026,0.16475105759455164,262.8947494568651,0.06622518308193694,0.0033873924269609886,0.0005881644124085439,0.003223435913659684,115.00754836651011,40,8,1,True,2016-07-07 03:17:54
420,0.1771364738250494,0.18823820720251527,216.47896179339335,0.05636021341906324,0.005872808838142945,0.0010055764974563643,0.005701778123081527,227.422764094859,40,9,1,True,2016-07-07 03:21:55
421,0.1607701603123747,0.17034378707368236,486.52985249905686,0.06194665456475441,0.0050455263531842195,0.0009507189820469385,0.004306889976583204,401.33875877937766,40,30,2,True,2016-07-07 03:22:07
422,0.15181532365763584,0.1590000639099807,213.6622796329372,0.06575513485327622,0.003160698299931779,0.0005396308530523356,0.00307171707706605,187.2488881406735,40,9,1,True,2016-07-07 03:22:19
423,0.1830272391916529,0.20559878249528157,284.8068981222256,0.05432614585815253,0.005613255671421893,0.000983466100144433,0.005288185141821461,128.9357553846073,40,11,2,True,2016-07-07 03:26:19
424,0.17068792837751023,0.18105357975221661,638.3689953723305,0.05825938055557234,0.00512775909170177,0.001025537366265537,0.004091033875714393,462.24592685245693,40,27,1,True,2016-07-07 03:26:31
425,0.15865127881581362,0.16701267098986183,273.6821857599238,0.06287800147102982,0.0033119451458142536,0.0005771826862610997,0.0031364034166200773,199.50518571317454,40,24,2,True,2016-07-07 03:26:43
426,,,,,,,,,40,,-2,False,2016-07-07 03:30:43
427,0.17182362428532566,0.1855801048102251,347.3583477408369,0.05792465178773536,0.003726799513433534,0.0006667044793833663,0.003404891937573173,161.33216904491476,40,15,2,True,2016-07-07 03:30:55
428,0.1593760366050926,0.1711483938205586,514.3042867132717,0.06236517100433724,0.0037172745719444705,0.0007071826420924506,0.003131725790747094,250.29312743808916,40,8,1,True,2016-07-07 03:31:07
429,0.19325663601149523,0.21126225681955854,352.7337945738209,0.051478813732694154,0.0057036102847960405,0.001023725116408084,0.005198428139992851,191.1214900602194,40,12,1,True,2016-07-07 03:35:08
430,0.17408404995918364,0.18064800114427432,588.1048804789312,0.05725096858094805,0.003724376867074392,0.0007293998432377203,0.003034446573903183,497.41231002394585,40,19,2,True,2016-07-07 03:35:20
431,0.1616065271291911,0.17025385949042107,244.3180400613158,0.06175156098233613,0.003910084840151626,0.0006747720101876204,0.0037529116179997484,210.73344680102102,40,22,2,True,2016-07-07 03:35:32
432,0.19110174592845108,0.20989598849782184,272.70295067025774,0.052105011652269995,0.005829411232641916,0.0010176286788500463,0.0055234433360270545,155.90498823763932,40,24,2,True,2016-07-07 03:39:32
433,0.17199246714476427,0.1825122494087977,144.10759072825925,0.05806772871796638,0.004933008839483554,0.000824190054016534,0.004898357141096669,156.95723107980652,40,27,2,True,2016-07-07 03:39:44
434,0.1617951605075088,0.17935679941740676,100.00000000000003,0.061634268066584036,0.0029824959337273814,0.0004911420068543838,0.002979285630792177,48.64384072865093,40,10,1,True,2016-07-07 03:39:56
435,0.1886855260270443,0.19940882787382297,339.360435593757,0.05283564295378211,0.0044171796478880854,0.0007884863122044101,0.004051429729999218,241.20283589043692,40,10,1,True,2016-07-07 03:43:56
436,0.1712076337361925,0.1760282085884542,441.210600928559,0.058311669809985686,0.004027901416127498,0.0007457288410149185,0.0035146572367500536,591.3879324909723,40,14,1,True,2016-07-07 03:44:08
437,0.15795184724592648,0.16593008594085668,280.2657977567046,0.06314505586671844,0.0023848117573252053,0.0004163964487083609,0.0022511310382877705,153.01710050895818,40,12,1,True,2016-07-07 03:44:20
438,0.18032142341768212,0.19664369216184588,779.6308293020475,0.05486563071464152,0.004748039537238199,0.0010069905669175708,0.00358249754976011,318.81085419692215,40,7,1,True,2016-07-07 03:48:21
439,0.1676456598450634,0.1901777955386903,260.20370113926975,0.059277863157830915,0.004014322348654857,0.0006966180226275131,0.003824942903956857,86.68528448995586,40,10,1,True,2016-07-07 03:48:33
440,0.1575487671696962,0.166228351327283,100.00000000000016,0.06341756061874768,0.004166481718226871,0.0006865584486086144,0.0041622874958154666,137.65038230834455,40,8,1,True,2016-07-07 03:48:45
441,,,,,,,,,40,,-2,False,2016-07-07 03:52:45
442,0.1671309411097656,0.1812081182703939,162.556858023031,0.0596920421367483,0.00461289459617537,0.0007751133295786247,0.004560372867942853,117.42799590926553,40,15,1,True,2016-07-07 03:52:57
443,0.15458979187228125,0.1672373527463083,169.0034976266139,0.06452586767573842,0.003915951287262933,0.0006590503909452596,0.003864447488416654,113.54795919741517,40,13,1,True,2016-07-07 03:53:09
444,0.18116542748810377,0.19606547717725128,504.14923493368354,0.05487299032745209,0.00623064844996145,0.0011838159958541066,0.005275369495852238,326.74385477736945,40,9,1,True,2016-07-07 03:57:09
445,,,,,,,,,40,,-2,False,2016-07-07 03:57:22
446,0.15461059162005727,0.1655977432717402,246.30108980567584,0.06448959391249846,0.003830289100783021,0.0006613683790466385,0.0036734095637633844,163.4563450435152,40,9,1,True,2016-07-07 03:57:34
447,0.1785538896981914,0.2026621199481888,303.5135519779712,0.055632990801678786,0.005554347156081827,0.00097973123493047,0.005186720858322627,124.76262625551136,40,81,2,True,2016-07-07 04:01:34
448,0.163139596677555,0.1794750957125367,340.4821297628861,0.06094832119458715,0.004075782709395166,0.0007275301112086586,0.0037364540954078515,146.4806743989438,40,23,2,True,2016-07-07 04:01:46
449,0.1523008637300655,0.16194611450710306,297.9644541511872,0.06545093055175304,0.003361190481706618,0.0005908174810593223,0.003146383750071434,186.18548703608454,40,16,1,True,2016-07-07 04:01:58
450,0.17480537036341703,0.19600887727130425,338.8409073082487,0.05683463210652622,0.00549564551848964,0.0009812231566916256,0.005055615148209757,151.87555318579223,40,27,2,True,2016-07-07 04:05:58
451,0.1615576014749232,0.17507202729531107,434.38448423447505,0.061563731143133606,0.0051450251683311035,0.000951118149388194,0.0045040369782039106,266.3824056709602,40,11,1,True,2016-07-07 04:06:10
452,,,,,,,,,40,,-2,False,2016-07-07 04:06:22
453,0.18010675120425518,0.20152855037396958,136.40997167762424,0.05533731758618761,0.004397439585815581,0.0007326698937893491,0.004373100388255748,66.72594044932427,40,10,1,True,2016-07-07 04:10:23
454,0.16406918144914084,0.16286897524155963,4981.396283605141,0.06124075994598673,0.004347125808872565,0.007500029117442624,0.0020825330809394723,61462.07829573564,40,11,1,True,2016-07-07 04:10:35
455,0.15403868139872592,0.16541481371358438,325.6399508680659,0.06466053791910362,0.0037292722532120256,0.0006620473029784367,0.0034454985097881925,186.46964496895842,40,9,1,True,2016-07-07 04:10:47
456,0.1823101215691285,0.19321140034609316,512.1917904076444,0.054578904239416456,0.0036748578794087916,0.0006986389019098477,0.003098358044333621,266.4125639625062,40,8,2,True,2016-07-07 04:14:47
457,0.16395198088431584,0.1731153361381487,236.3756306218442,0.06087754411489211,0.004559904220072471,0.0007850587254177282,0.0043922489190782905,227.05888040209206,40,9,1,True,2016-07-07 04:14:59
458,0.15371846298458153,0.16107105163568858,387.39999464295505,0.06486658416350892,0.003615981655859027,0.0006562880844999384,0.0032384456264069467,316.7432560869438,40,17,1,True,2016-07-07 04:15:11
459,0.18128607080679568,0.19497930435732264,175.68972174135274,0.05505994894541874,0.00593516178192093,0.0010025590778711812,0.005846251425525144,163.1332017645768,40,11,1,True,2016-07-07 04:19:11
460,0.16560706509701242,0.17921948818359693,100.00000064973817,0.06027073091911392,0.003701287204300131,0.0006097045731245538,0.0036978298120821855,78.04715217914838,40,10,1,True,2016-07-07 04:19:23
